<?xml version="1.0"?>
<doc>
    <assembly>
        <name>Hahn.ApplicatonProcess.December2020.Web</name>
    </assembly>
    <members>
        <member name="T:Hahn.ApplicatonProcess.December2020.Web.Controllers.V1.ApplicantController">
            <summary>
            this controller is responsible for doing get/remove/add/update oprations on an applicant
            </summary>
        </member>
        <member name="M:Hahn.ApplicatonProcess.December2020.Web.Controllers.V1.ApplicantController.GetAll">
            <summary>
            Retrieves all Applicants
            </summary>
            <response code="200">applicants found</response>
            <response code="204">applicant not found</response>
            <response code="500">Oops! Can't get applicants right now</response>
        </member>
        <member name="M:Hahn.ApplicatonProcess.December2020.Web.Controllers.V1.ApplicantController.GetById(System.Int32)">
            <summary>
            Retrieves a specific applicant by unique id. note that this is a encrypted id
            </summary>
            <remarks>this is an encrypted data so use this as this example :  "6ywsG0KSbZg="</remarks>
            <example>6ywsG0KSbZg=</example>
            <param name="id" example="6ywsG0KSbZg="></param>
            <response code="200">applicant found</response>
            <response code="204">applicant not found</response>
            <response code="400">request has missing/invalid values</response>
            <response code="500">Oops! Can't get applicant right now</response>
        </member>
        <member name="M:Hahn.ApplicatonProcess.December2020.Web.Controllers.V1.ApplicantController.Post(Hahn.ApplicatonProcess.December2020.Web.ViewModel.V1.Applicant.InsertApplicantRequestViewModel)">
            <summary>
            Creates an Applicant.
            </summary>
            <param name="insertApplicantRequestViewModel"></param>
            <response code="201">applicant created</response>
            <response code="400">request has missing/invalid values</response>
            <response code="500">Oops! Can't create applicant right now</response>
        </member>
        <member name="M:Hahn.ApplicatonProcess.December2020.Web.Controllers.V1.ApplicantController.Put(System.Int32,Hahn.ApplicatonProcess.December2020.Web.ViewModel.V1.Applicant.UpdateApplicantRequestViewModel)">
            <summary>
            Update An Applicant.
            </summary>
            <remarks>this is an encrypted data so use this as this example :  "6ywsG0KSbZg="</remarks>
            <param name="id" example="6ywsG0KSbZg="></param>     
            <param name="updateApplicantRequestViewModel"></param>     
            <response code="200">applicant updated</response>
            <response code="400">request has missing/invalid values</response>
            <response code="500">Oops! Can't update applicant right now</response>
        </member>
        <member name="M:Hahn.ApplicatonProcess.December2020.Web.Controllers.V1.ApplicantController.Delete(System.Int32)">
            <summary>
            Delete Applicant By ID
            </summary>
            <remarks>this is an encrypted data so use this as this example :  "6ywsG0KSbZg="</remarks>
            <param name="id" example="6ywsG0KSbZg="></param>     
            /// <returns>Requeted Applicant</returns>
            <response code="200">applicant deleted</response>
            <response code="400">request has missing/invalid values</response>
            <response code="500">Oops! Can't delete applicant right now</response>
        </member>
        <member name="M:Hahn.ApplicatonProcess.December2020.Web.Controllers.V1.ApplicantController.ValidateCountry(System.String)">
            <summary>
            check existance of country By name.
            </summary>
            <param name="name" example="Aruba"></param>     
            <response code="200">country found</response>
            <response code="400">request has missing/invalid values</response>
            <response code="500">Oops! Can't check country right now</response>
        </member>
        <member name="P:Hahn.ApplicatonProcess.December2020.Web.ViewModel.V1.Applicant.ApplicantViewModel.ID">
            <summary>
            The encrypted id of applicant
            </summary>
            <example>6ywsG0KSbZg=</example>
        </member>
        <member name="P:Hahn.ApplicatonProcess.December2020.Web.ViewModel.V1.Applicant.ApplicantViewModel.Name">
            <summary>
            the name of applicant
            </summary>
            <example>alireza</example>
        </member>
        <member name="P:Hahn.ApplicatonProcess.December2020.Web.ViewModel.V1.Applicant.ApplicantViewModel.FamilyName">
            <summary>
            the family name of applicant
            </summary>
            <example>yadegari</example>
        </member>
        <member name="P:Hahn.ApplicatonProcess.December2020.Web.ViewModel.V1.Applicant.ApplicantViewModel.Address">
            <summary>
            the address of applicant
            </summary>
            <example>firstpart,secpart,thiredpart,otherpart</example>
        </member>
        <member name="P:Hahn.ApplicatonProcess.December2020.Web.ViewModel.V1.Applicant.ApplicantViewModel.CountryOfOrigin">
            <summary>
            the country of origin of applicant
            </summary>
            <example>aruba</example>
        </member>
        <member name="P:Hahn.ApplicatonProcess.December2020.Web.ViewModel.V1.Applicant.ApplicantViewModel.EMailAddress">
            <summary>
            the email of applicant
            </summary>
            <example>alireza.yadegary@gmail.com</example>
        </member>
        <member name="P:Hahn.ApplicatonProcess.December2020.Web.ViewModel.V1.Applicant.ApplicantViewModel.Age">
            <summary>
            the age of applicant
            </summary>
            <example>34</example>
        </member>
        <member name="P:Hahn.ApplicatonProcess.December2020.Web.ViewModel.V1.Applicant.ApplicantViewModel.Hired">
            <summary>
            the hire status of applicant
            </summary>
            <example>true</example>
        </member>
        <member name="P:Hahn.ApplicatonProcess.December2020.Web.ViewModel.V1.Applicant.InsertApplicantRequestViewModel.Name">
            <summary>
            the name of applicant
            </summary>
            <example>alireza</example>
        </member>
        <member name="P:Hahn.ApplicatonProcess.December2020.Web.ViewModel.V1.Applicant.InsertApplicantRequestViewModel.FamilyName">
            <summary>
            the family name of applicant
            </summary>
            <example>yadegari</example>
        </member>
        <member name="P:Hahn.ApplicatonProcess.December2020.Web.ViewModel.V1.Applicant.InsertApplicantRequestViewModel.Address">
            <summary>
            the address of applicant
            </summary>
            <example>firstpart,secpart,thiredpart,otherpart</example>
        </member>
        <member name="P:Hahn.ApplicatonProcess.December2020.Web.ViewModel.V1.Applicant.InsertApplicantRequestViewModel.CountryOfOrigin">
            <summary>
            the country of origin of applicant
            </summary>
            <example>aruba</example>
        </member>
        <member name="P:Hahn.ApplicatonProcess.December2020.Web.ViewModel.V1.Applicant.InsertApplicantRequestViewModel.EMailAddress">
            <summary>
            the email of applicant
            </summary>
            <example>alireza.yadegary@gmail.com</example>
        </member>
        <member name="P:Hahn.ApplicatonProcess.December2020.Web.ViewModel.V1.Applicant.InsertApplicantRequestViewModel.Age">
            <summary>
            the age of applicant
            </summary>
            <example>34</example>
        </member>
        <member name="P:Hahn.ApplicatonProcess.December2020.Web.ViewModel.V1.Applicant.InsertApplicantRequestViewModel.Hired">
            <summary>
            the hire status of applicant
            </summary>
            <example>true</example>
        </member>
        <member name="P:Hahn.ApplicatonProcess.December2020.Web.ViewModel.V1.Applicant.UpdateApplicantRequestViewModel.Name">
            <summary>
            the name of applicant
            </summary>
            <example>alireza</example>
        </member>
        <member name="P:Hahn.ApplicatonProcess.December2020.Web.ViewModel.V1.Applicant.UpdateApplicantRequestViewModel.FamilyName">
            <summary>
            the family name of applicant
            </summary>
            <example>yadegari</example>
        </member>
        <member name="P:Hahn.ApplicatonProcess.December2020.Web.ViewModel.V1.Applicant.UpdateApplicantRequestViewModel.Address">
            <summary>
            the address of applicant
            </summary>
            <example>firstpart,secpart,thiredpart,otherpart</example>
        </member>
        <member name="P:Hahn.ApplicatonProcess.December2020.Web.ViewModel.V1.Applicant.UpdateApplicantRequestViewModel.CountryOfOrigin">
            <summary>
            the country of origin of applicant
            </summary>
            <example>aruba</example>
        </member>
        <member name="P:Hahn.ApplicatonProcess.December2020.Web.ViewModel.V1.Applicant.UpdateApplicantRequestViewModel.EMailAddress">
            <summary>
            the email of applicant
            </summary>
            <example>alireza.yadegary@gmail.com</example>
        </member>
        <member name="P:Hahn.ApplicatonProcess.December2020.Web.ViewModel.V1.Applicant.UpdateApplicantRequestViewModel.Age">
            <summary>
            the age of applicant
            </summary>
            <example>34</example>
        </member>
        <member name="P:Hahn.ApplicatonProcess.December2020.Web.ViewModel.V1.Applicant.UpdateApplicantRequestViewModel.Hired">
            <summary>
            the hire status of applicant
            </summary>
            <example>true</example>
        </member>
    </members>
</doc>
